method,n,true_p,coverage,length
clopper_pearson,1000,0.0,1.0,0.003682083896865668
clopper_pearson,1000,0.01,0.97606,0.01335885788464632
clopper_pearson,1000,0.02,0.95768,0.018354148099492866
clopper_pearson,1000,0.03,0.96039,0.02213611408023759
clopper_pearson,1000,0.04,0.96496,0.025266049086615422
clopper_pearson,1000,0.05,0.95781,0.02798484298580566
clopper_pearson,1000,0.06,0.9544,0.03040087446342869
clopper_pearson,1000,0.07,0.95322,0.0325826713939655
clopper_pearson,1000,0.08,0.95336,0.034589281552494265
clopper_pearson,1000,0.09,0.95305,0.03641890737325109
clopper_pearson,1000,0.1,0.95532,0.03813620958248209
clopper_pearson,1000,0.11,0.95632,0.03973605503959975
clopper_pearson,1000,0.12,0.95275,0.0412209635731464
clopper_pearson,1000,0.13,0.95151,0.04261513988505454
clopper_pearson,1000,0.14,0.95556,0.04394405510345364
clopper_pearson,1000,0.15,0.95469,0.0451894734756785
clopper_pearson,1000,0.16,0.9523,0.0463688675170869
clopper_pearson,1000,0.17,0.95592,0.04748533124497394
clopper_pearson,1000,0.18,0.9518,0.048547811352136296
clopper_pearson,1000,0.19,0.95701,0.04954950346933909
clopper_pearson,1000,0.2,0.95139,0.050505035722837044
clopper_pearson,1000,0.21,0.9571,0.05140301665011711
clopper_pearson,1000,0.22,0.95269,0.052265158282277326
clopper_pearson,1000,0.23,0.9536,0.05307345009693378
clopper_pearson,1000,0.24,0.9541,0.05385258333176205
clopper_pearson,1000,0.25,0.95351,0.05458415053628385
clopper_pearson,1000,0.26,0.95101,0.05527852432085939
clopper_pearson,1000,0.27,0.95467,0.05594217309684797
clopper_pearson,1000,0.28,0.95397,0.056556109816301076
clopper_pearson,1000,0.29,0.95331,0.05715475035920202
clopper_pearson,1000,0.3,0.95456,0.05770707867889193
clopper_pearson,1000,0.31,0.95273,0.05823045772581029
clopper_pearson,1000,0.32,0.95522,0.05872584982133012
clopper_pearson,1000,0.33,0.95192,0.0591865547398538
clopper_pearson,1000,0.34,0.95337,0.059615446557981795
clopper_pearson,1000,0.35000000000000003,0.95471,0.060021800724306004
clopper_pearson,1000,0.36,0.95529,0.06039790689029081
clopper_pearson,1000,0.37,0.95449,0.060743145239628184
clopper_pearson,1000,0.38,0.95288,0.06106198131027617
clopper_pearson,1000,0.39,0.95187,0.061356100332878284
clopper_pearson,1000,0.4,0.95167,0.061619920305944306
clopper_pearson,1000,0.41000000000000003,0.95372,0.06186173850024698
clopper_pearson,1000,0.42,0.9565,0.06207224869387975
clopper_pearson,1000,0.43,0.95613,0.06226269553662816
clopper_pearson,1000,0.44,0.95581,0.062424270079654086
clopper_pearson,1000,0.45,0.95313,0.06256017897318131
clopper_pearson,1000,0.46,0.95434,0.06267157557624357
clopper_pearson,1000,0.47000000000000003,0.95464,0.06275956811191023
clopper_pearson,1000,0.48,0.95392,0.0628210028233415
clopper_pearson,1000,0.49,0.95331,0.0628581571775093
clopper_pearson,1000,0.5,0.95407,0.0628707511922663
clopper_pearson,1000,0.51,0.95418,0.06285852025718082
clopper_pearson,1000,0.52,0.95412,0.06282166243165316
clopper_pearson,1000,0.53,0.95464,0.0627588560943392
clopper_pearson,1000,0.54,0.95416,0.06267226070449466
clopper_pearson,1000,0.55,0.95532,0.06256102154033975
clopper_pearson,1000,0.56,0.95462,0.06242312385902038
clopper_pearson,1000,0.5700000000000001,0.95658,0.06226115647282514
clopper_pearson,1000,0.58,0.95652,0.062073015609608526
clopper_pearson,1000,0.59,0.95285,0.06186151831074754
clopper_pearson,1000,0.6,0.95171,0.061619609806559755
clopper_pearson,1000,0.61,0.95308,0.061354671544592745
clopper_pearson,1000,0.62,0.95362,0.06105807646120008
clopper_pearson,1000,0.63,0.954,0.06074146618693896
clopper_pearson,1000,0.64,0.95476,0.06039407656907123
clopper_pearson,1000,0.65,0.9542,0.06002480909414041
clopper_pearson,1000,0.66,0.9546,0.05961806241063322
clopper_pearson,1000,0.67,0.95458,0.05918880229866887
clopper_pearson,1000,0.68,0.95529,0.0587228175645778
clopper_pearson,1000,0.6900000000000001,0.95277,0.058231016563408046
clopper_pearson,1000,0.7000000000000001,0.95491,0.05770398188888603
clopper_pearson,1000,0.71,0.9522,0.05714940209033006
clopper_pearson,1000,0.72,0.95498,0.05655751413000879
clopper_pearson,1000,0.73,0.95422,0.055937033349208624
clopper_pearson,1000,0.74,0.95366,0.05528353608696857
clopper_pearson,1000,0.75,0.95588,0.054590435232546086
clopper_pearson,1000,0.76,0.95445,0.05385326105513357
clopper_pearson,1000,0.77,0.95375,0.05307356482921713
clopper_pearson,1000,0.78,0.95266,0.05226492658114704
clopper_pearson,1000,0.79,0.95568,0.05141005063215998
clopper_pearson,1000,0.8,0.95311,0.050497407060661074
clopper_pearson,1000,0.81,0.95678,0.049543339594387954
clopper_pearson,1000,0.8200000000000001,0.95143,0.04854400145843937
clopper_pearson,1000,0.8300000000000001,0.95625,0.04748255276358045
clopper_pearson,1000,0.84,0.95393,0.046372264090495156
clopper_pearson,1000,0.85,0.95347,0.04519291514706538
clopper_pearson,1000,0.86,0.95615,0.04394353286932413
clopper_pearson,1000,0.87,0.95187,0.04262418680042188
clopper_pearson,1000,0.88,0.95388,0.041222236756585935
clopper_pearson,1000,0.89,0.95697,0.039726500342349605
clopper_pearson,1000,0.9,0.95421,0.03812864581269096
clopper_pearson,1000,0.91,0.95367,0.03642608733193086
clopper_pearson,1000,0.92,0.95216,0.034588131445032075
clopper_pearson,1000,0.93,0.95291,0.032580341724949
clopper_pearson,1000,0.9400000000000001,0.95497,0.030389429005980715
clopper_pearson,1000,0.9500000000000001,0.9578,0.02799364458623264
clopper_pearson,1000,0.96,0.96336,0.025264016223713853
clopper_pearson,1000,0.97,0.95866,0.02212305670678269
clopper_pearson,1000,0.98,0.95964,0.01835232742516899
clopper_pearson,1000,0.99,0.97619,0.013366965388513043
clopper_pearson,1000,1.0,1.0,0.00368208389686564
clopper_pearson,2000,0.0,1.0,0.0018427397934059374
clopper_pearson,2000,0.01,0.95868,0.009229318472280165
clopper_pearson,2000,0.02,0.96266,0.01277059190470805
clopper_pearson,2000,0.03,0.95038,0.015442560891921513
clopper_pearson,2000,0.04,0.96011,0.01766573082249445
clopper_pearson,2000,0.05,0.95939,0.019596450920699213
clopper_pearson,2000,0.06,0.95237,0.021305595696510842
clopper_pearson,2000,0.07,0.95614,0.022847147187948967
clopper_pearson,2000,0.08,0.95201,0.02426402449094938
clopper_pearson,2000,0.09,0.95318,0.025566620065739388
clopper_pearson,2000,0.1,0.95445,0.0267767597036277
clopper_pearson,2000,0.11,0.9546,0.02790454813812455
clopper_pearson,2000,0.12,0.9527,0.02896097708758025
clopper_pearson,2000,0.13,0.95336,0.029955789261266977
clopper_pearson,2000,0.14,0.95432,0.0308921573789538
clopper_pearson,2000,0.15,0.95468,0.03177378175618782
clopper_pearson,2000,0.16,0.95318,0.03260666255106531
clopper_pearson,2000,0.17,0.95569,0.033394702487735704
clopper_pearson,2000,0.18,0.9522,0.0341466299171828
clopper_pearson,2000,0.19,0.95367,0.03485933417119368
clopper_pearson,2000,0.2,0.9525,0.035528621466852754
clopper_pearson,2000,0.21,0.95205,0.036169460725066424
clopper_pearson,2000,0.22,0.95324,0.03677726347590287
clopper_pearson,2000,0.23,0.95293,0.0373559811203019
clopper_pearson,2000,0.24,0.95326,0.0379036256578857
clopper_pearson,2000,0.25,0.95285,0.0384225505391916
clopper_pearson,2000,0.26,0.9524,0.03891487316325632
clopper_pearson,2000,0.27,0.95341,0.039382773584531204
clopper_pearson,2000,0.28,0.95217,0.03981867968232012
clopper_pearson,2000,0.29,0.95356,0.040237980256757566
clopper_pearson,2000,0.3,0.951,0.04063192161726603
clopper_pearson,2000,0.31,0.95283,0.04100481414782389
clopper_pearson,2000,0.32,0.95377,0.041352579480081385
clopper_pearson,2000,0.33,0.95146,0.041679581792212886
clopper_pearson,2000,0.34,0.95263,0.041985179277814366
clopper_pearson,2000,0.35000000000000003,0.95264,0.04227164113207501
clopper_pearson,2000,0.36,0.95225,0.04253719878824566
clopper_pearson,2000,0.37,0.95107,0.04278321502640992
clopper_pearson,2000,0.38,0.95183,0.04300728918819399
clopper_pearson,2000,0.39,0.95321,0.04321611692276423
clopper_pearson,2000,0.4,0.95352,0.04340378664020348
clopper_pearson,2000,0.41000000000000003,0.95292,0.04357251910563413
clopper_pearson,2000,0.42,0.9509,0.043723373786253454
clopper_pearson,2000,0.43,0.95075,0.04385644010607109
clopper_pearson,2000,0.44,0.95267,0.043971411917788854
clopper_pearson,2000,0.45,0.9539,0.044068223026415256
clopper_pearson,2000,0.46,0.95321,0.04414744132861355
clopper_pearson,2000,0.47000000000000003,0.95429,0.044209001512876295
clopper_pearson,2000,0.48,0.95321,0.04425301626954628
clopper_pearson,2000,0.49,0.95397,0.044279045320022775
clopper_pearson,2000,0.5,0.95218,0.04428789768312979
clopper_pearson,2000,0.51,0.95308,0.044279229803585396
clopper_pearson,2000,0.52,0.95484,0.04425307703105437
clopper_pearson,2000,0.53,0.95326,0.04420902143191628
clopper_pearson,2000,0.54,0.95387,0.04414734370370685
clopper_pearson,2000,0.55,0.95484,0.04406872984152063
clopper_pearson,2000,0.56,0.95094,0.043971617581915146
clopper_pearson,2000,0.5700000000000001,0.94989,0.04385693581354496
clopper_pearson,2000,0.58,0.95119,0.04372312134523629
clopper_pearson,2000,0.59,0.95136,0.043571983018881065
clopper_pearson,2000,0.6,0.95334,0.04340351865959414
clopper_pearson,2000,0.61,0.95314,0.04321479882220677
clopper_pearson,2000,0.62,0.95206,0.04300706331595357
clopper_pearson,2000,0.63,0.95177,0.042783631135132234
clopper_pearson,2000,0.64,0.95221,0.042536784616168125
clopper_pearson,2000,0.65,0.95441,0.04227125200958286
clopper_pearson,2000,0.66,0.95258,0.04198437622802852
clopper_pearson,2000,0.67,0.95103,0.041678948964415694
clopper_pearson,2000,0.68,0.95356,0.04135202859603684
clopper_pearson,2000,0.6900000000000001,0.95275,0.04100426246203153
clopper_pearson,2000,0.7000000000000001,0.95287,0.04063379058998274
clopper_pearson,2000,0.71,0.9539,0.04024028777592816
clopper_pearson,2000,0.72,0.95349,0.039823053537248944
clopper_pearson,2000,0.73,0.95297,0.039378321360935796
clopper_pearson,2000,0.74,0.95351,0.038914001999860386
clopper_pearson,2000,0.75,0.95342,0.03842423488625894
clopper_pearson,2000,0.76,0.95372,0.037906156239706695
clopper_pearson,2000,0.77,0.95443,0.03735337096659899
clopper_pearson,2000,0.78,0.95343,0.03678095001035602
clopper_pearson,2000,0.79,0.95246,0.03617340201593191
clopper_pearson,2000,0.8,0.95274,0.03553185747212716
clopper_pearson,2000,0.81,0.95466,0.03485874514841488
clopper_pearson,2000,0.8200000000000001,0.9518,0.03414924789426939
clopper_pearson,2000,0.8300000000000001,0.95419,0.03339689272516884
clopper_pearson,2000,0.84,0.95331,0.03260376112963467
clopper_pearson,2000,0.85,0.95505,0.031772767346156056
clopper_pearson,2000,0.86,0.95449,0.0308841168660082
clopper_pearson,2000,0.87,0.95335,0.029953777787343462
clopper_pearson,2000,0.88,0.95422,0.028964977133506414
clopper_pearson,2000,0.89,0.955,0.027906233815827127
clopper_pearson,2000,0.9,0.95492,0.026770354991844682
clopper_pearson,2000,0.91,0.95309,0.025567792061476496
clopper_pearson,2000,0.92,0.95208,0.024261240301673564
clopper_pearson,2000,0.93,0.95601,0.02284902955573667
clopper_pearson,2000,0.9400000000000001,0.95201,0.021303761148584722
clopper_pearson,2000,0.9500000000000001,0.96074,0.0195940994771727
clopper_pearson,2000,0.96,0.96034,0.01767385406966528
clopper_pearson,2000,0.97,0.95061,0.015445295437149398
clopper_pearson,2000,0.98,0.96221,0.012766826452908563
clopper_pearson,2000,0.99,0.95832,0.00923093563757528
clopper_pearson,2000,1.0,1.0,0.0018427397934059897
clopper_pearson,10000,0.0,1.0,0.0003688199146187621
clopper_pearson,10000,0.01,0.95507,0.004000330058288413
clopper_pearson,10000,0.02,0.95559,0.0055890167138154005
clopper_pearson,10000,0.03,0.95425,0.006786451553713895
clopper_pearson,10000,0.04,0.9527,0.007780493734114322
clopper_pearson,10000,0.05,0.9516,0.0086413700283539
clopper_pearson,10000,0.06,0.95293,0.009407985036452435
clopper_pearson,10000,0.07,0.95162,0.010100182966395446
clopper_pearson,10000,0.08,0.95403,0.01073217116318615
clopper_pearson,10000,0.09,0.95132,0.011316509227926166
clopper_pearson,10000,0.1,0.95254,0.011857718956017347
clopper_pearson,10000,0.11,0.95264,0.012363269423106948
clopper_pearson,10000,0.12,0.95101,0.01283681928647806
clopper_pearson,10000,0.13,0.95191,0.013279933302241923
clopper_pearson,10000,0.14,0.95272,0.013699276050365701
clopper_pearson,10000,0.15,0.95207,0.014095050497630442
clopper_pearson,10000,0.16,0.95096,0.014468771764479416
clopper_pearson,10000,0.17,0.9514,0.014821529791087735
clopper_pearson,10000,0.18,0.95229,0.015157303064643806
clopper_pearson,10000,0.19,0.95182,0.015475981701337196
clopper_pearson,10000,0.2,0.95199,0.015777191734524364
clopper_pearson,10000,0.21,0.95127,0.016063335711938874
clopper_pearson,10000,0.22,0.95155,0.01633525540137452
clopper_pearson,10000,0.23,0.95152,0.016593974950798316
clopper_pearson,10000,0.24,0.94968,0.016839065411824877
clopper_pearson,10000,0.25,0.95275,0.017070595387988566
clopper_pearson,10000,0.26,0.95202,0.01729140875526293
clopper_pearson,10000,0.27,0.95148,0.01749945424667127
clopper_pearson,10000,0.28,0.95198,0.017697409251862913
clopper_pearson,10000,0.29,0.95097,0.01788451682809578
clopper_pearson,10000,0.3,0.95195,0.018060497923414215
clopper_pearson,10000,0.31,0.95072,0.018226659464015457
clopper_pearson,10000,0.32,0.95222,0.018382280060823
clopper_pearson,10000,0.33,0.95091,0.018528691081463343
clopper_pearson,10000,0.34,0.95214,0.018665856622452754
clopper_pearson,10000,0.35000000000000003,0.95033,0.018793515101810945
clopper_pearson,10000,0.36,0.95067,0.01891253374454744
clopper_pearson,10000,0.37,0.95249,0.01902211491280146
clopper_pearson,10000,0.38,0.95075,0.01912338593744394
clopper_pearson,10000,0.39,0.94927,0.01921588894185116
clopper_pearson,10000,0.4,0.95027,0.01930041561448646
clopper_pearson,10000,0.41000000000000003,0.95144,0.019376278941482413
clopper_pearson,10000,0.42,0.95324,0.019443837402989658
clopper_pearson,10000,0.43,0.95096,0.01950320172683414
clopper_pearson,10000,0.44,0.95016,0.019554717461610523
clopper_pearson,10000,0.45,0.95038,0.019597936902360148
clopper_pearson,10000,0.46,0.95185,0.019633400348200613
clopper_pearson,10000,0.47000000000000003,0.95165,0.019660983895146197
clopper_pearson,10000,0.48,0.95172,0.019680556432652322
clopper_pearson,10000,0.49,0.95081,0.019692335395231957
clopper_pearson,10000,0.5,0.95144,0.019696259026051006
clopper_pearson,10000,0.51,0.95097,0.0196923146371225
clopper_pearson,10000,0.52,0.9507,0.019680555451754546
clopper_pearson,10000,0.53,0.95217,0.01966097389909638
clopper_pearson,10000,0.54,0.95314,0.019633467173658242
clopper_pearson,10000,0.55,0.95189,0.019598061770456903
clopper_pearson,10000,0.56,0.95017,0.019554683567581613
clopper_pearson,10000,0.5700000000000001,0.9511,0.01950331723931959
clopper_pearson,10000,0.58,0.95097,0.019443727665394938
clopper_pearson,10000,0.59,0.94997,0.019376359725674298
clopper_pearson,10000,0.6,0.9516,0.019300281346100144
clopper_pearson,10000,0.61,0.9506,0.01921630497831986
clopper_pearson,10000,0.62,0.94979,0.019123750518724173
clopper_pearson,10000,0.63,0.95187,0.019022207157175598
clopper_pearson,10000,0.64,0.95105,0.018912465894888392
clopper_pearson,10000,0.65,0.95163,0.018793640228273772
clopper_pearson,10000,0.66,0.95195,0.01866608065977932
clopper_pearson,10000,0.67,0.94992,0.018528717473817714
clopper_pearson,10000,0.68,0.95136,0.01838283707449553
clopper_pearson,10000,0.6900000000000001,0.95024,0.018226648631510297
clopper_pearson,10000,0.7000000000000001,0.95126,0.018060305174857447
clopper_pearson,10000,0.71,0.95173,0.017884349127542793
clopper_pearson,10000,0.72,0.95155,0.017697479394972626
clopper_pearson,10000,0.73,0.95074,0.01749985726062976
clopper_pearson,10000,0.74,0.95054,0.017291581849915
clopper_pearson,10000,0.75,0.95092,0.01707140461698148
clopper_pearson,10000,0.76,0.95106,0.01683836170899416
clopper_pearson,10000,0.77,0.95063,0.016593585833812048
clopper_pearson,10000,0.78,0.95001,0.016335526480080274
clopper_pearson,10000,0.79,0.95253,0.01606361361543926
clopper_pearson,10000,0.8,0.95172,0.015777233330848253
clopper_pearson,10000,0.81,0.95204,0.015475250336314588
clopper_pearson,10000,0.8200000000000001,0.95161,0.015157543070402162
clopper_pearson,10000,0.8300000000000001,0.95106,0.01482219875208772
clopper_pearson,10000,0.84,0.9528,0.01446835948248554
clopper_pearson,10000,0.85,0.95062,0.014094448913992103
clopper_pearson,10000,0.86,0.95156,0.01369890055458147
clopper_pearson,10000,0.87,0.95182,0.013280757639041494
clopper_pearson,10000,0.88,0.95073,0.012836040826485692
clopper_pearson,10000,0.89,0.95212,0.012363463478620476
clopper_pearson,10000,0.9,0.95116,0.011858522236646027
clopper_pearson,10000,0.91,0.95212,0.011316861997832453
clopper_pearson,10000,0.92,0.95403,0.010732646906286817
clopper_pearson,10000,0.93,0.95274,0.010100657800747571
clopper_pearson,10000,0.9400000000000001,0.95178,0.009408150831256179
clopper_pearson,10000,0.9500000000000001,0.94971,0.008642187315066292
clopper_pearson,10000,0.96,0.95338,0.00777967416167534
clopper_pearson,10000,0.97,0.95441,0.0067853315088383295
clopper_pearson,10000,0.98,0.95509,0.005587611683151521
clopper_pearson,10000,0.99,0.95581,0.004001171391852178
clopper_pearson,10000,1.0,1.0,0.0003688199146187898
wilson_score,1000,0.0,1.0,0.003826758485555124
wilson_score,1000,0.01,0.96341,0.012738001204474813
wilson_score,1000,0.02,0.94618,0.017603604217333223
wilson_score,1000,0.03,0.94899,0.021327776844907623
wilson_score,1000,0.04,0.95743,0.02442429971661443
wilson_score,1000,0.05,0.95173,0.027110825700564566
wilson_score,1000,0.06,0.94717,0.029509623420029423
wilson_score,1000,0.07,0.94581,0.03167903221397783
wilson_score,1000,0.08,0.94498,0.03366419897807926
wilson_score,1000,0.09,0.94851,0.035497258487755
wilson_score,1000,0.1,0.94923,0.03719549018088394
wilson_score,1000,0.11,0.95231,0.03878580813125759
wilson_score,1000,0.12,0.95302,0.040264643829909304
wilson_score,1000,0.13,0.94657,0.04165670057753225
wilson_score,1000,0.14,0.95119,0.042972403965186985
wilson_score,1000,0.15,0.95362,0.04421387970257677
wilson_score,1000,0.16,0.94804,0.04539610454956455
wilson_score,1000,0.17,0.95263,0.046500938190049974
wilson_score,1000,0.18,0.94756,0.04755484920072551
wilson_score,1000,0.19,0.95167,0.04855289983827994
wilson_score,1000,0.2,0.94703,0.04950234244385626
wilson_score,1000,0.21,0.9535,0.050405979843222315
wilson_score,1000,0.22,0.94794,0.051257819944759773
wilson_score,1000,0.23,0.95475,0.05206481616283172
wilson_score,1000,0.24,0.94961,0.052838951923137194
wilson_score,1000,0.25,0.94735,0.05357244672468759
wilson_score,1000,0.26,0.95191,0.05426835472383347
wilson_score,1000,0.27,0.9497,0.054923425082808355
wilson_score,1000,0.28,0.94665,0.05554087434827159
wilson_score,1000,0.29,0.95408,0.056128118351122684
wilson_score,1000,0.3,0.95161,0.0566847109486902
wilson_score,1000,0.31,0.94893,0.057203373709115456
wilson_score,1000,0.32,0.9486,0.05769562523200422
wilson_score,1000,0.33,0.95197,0.0581586387630053
wilson_score,1000,0.34,0.95102,0.05858509622280964
wilson_score,1000,0.35000000000000003,0.94926,0.058989737291747175
wilson_score,1000,0.36,0.9494,0.059364103065217284
wilson_score,1000,0.37,0.94568,0.05971299948438908
wilson_score,1000,0.38,0.95319,0.06002912968568986
wilson_score,1000,0.39,0.9531,0.060318770715654134
wilson_score,1000,0.4,0.95101,0.060583713874408994
wilson_score,1000,0.41000000000000003,0.95022,0.060822969908916794
wilson_score,1000,0.42,0.9493,0.06103658712545889
wilson_score,1000,0.43,0.94766,0.061222435314650596
wilson_score,1000,0.44,0.94796,0.061384916810256436
wilson_score,1000,0.45,0.94691,0.061521543578748034
wilson_score,1000,0.46,0.94747,0.061632456523532074
wilson_score,1000,0.47000000000000003,0.94678,0.06171886302500658
wilson_score,1000,0.48,0.94546,0.06178016681268336
wilson_score,1000,0.49,0.94698,0.06181773079669922
wilson_score,1000,0.5,0.94618,0.0618299570223108
wilson_score,1000,0.51,0.94506,0.061817547418667455
wilson_score,1000,0.52,0.94645,0.06178029952424297
wilson_score,1000,0.53,0.94691,0.06171887205584479
wilson_score,1000,0.54,0.94684,0.06163209936758706
wilson_score,1000,0.55,0.94655,0.061520254346712815
wilson_score,1000,0.56,0.94781,0.0613836847290248
wilson_score,1000,0.5700000000000001,0.94928,0.06122394389761878
wilson_score,1000,0.58,0.95028,0.06103532341622548
wilson_score,1000,0.59,0.95015,0.060824001904876523
wilson_score,1000,0.6,0.9524,0.06058581994772705
wilson_score,1000,0.61,0.95197,0.060316971015470205
wilson_score,1000,0.62,0.9534,0.06002731203723594
wilson_score,1000,0.63,0.9479,0.059711097667528495
wilson_score,1000,0.64,0.94747,0.05936212679903269
wilson_score,1000,0.65,0.94884,0.05899308394861344
wilson_score,1000,0.66,0.95221,0.05859041968661179
wilson_score,1000,0.67,0.9528,0.05815657180370449
wilson_score,1000,0.68,0.94758,0.05769727366453045
wilson_score,1000,0.6900000000000001,0.94832,0.05720494443367714
wilson_score,1000,0.7000000000000001,0.94999,0.05668554415522859
wilson_score,1000,0.71,0.95386,0.05612955376319061
wilson_score,1000,0.72,0.94719,0.055541104608862225
wilson_score,1000,0.73,0.95052,0.054918614892702534
wilson_score,1000,0.74,0.95289,0.05426923599823851
wilson_score,1000,0.75,0.94677,0.05356990574538043
wilson_score,1000,0.76,0.9493,0.052843627439827096
wilson_score,1000,0.77,0.95325,0.05207622407392011
wilson_score,1000,0.78,0.94891,0.05126505004782996
wilson_score,1000,0.79,0.95145,0.05040381381749198
wilson_score,1000,0.8,0.94687,0.04949268068009652
wilson_score,1000,0.81,0.95259,0.04855663152363688
wilson_score,1000,0.8200000000000001,0.9461,0.04755031377115062
wilson_score,1000,0.8300000000000001,0.95159,0.04650696222553359
wilson_score,1000,0.84,0.94818,0.04538822292824074
wilson_score,1000,0.85,0.95508,0.04421975862493085
wilson_score,1000,0.86,0.94953,0.042981189735727274
wilson_score,1000,0.87,0.94669,0.04167042193027154
wilson_score,1000,0.88,0.95418,0.04025808196358648
wilson_score,1000,0.89,0.95105,0.03877460796797777
wilson_score,1000,0.9,0.94912,0.03719390071347818
wilson_score,1000,0.91,0.94713,0.035491142384961864
wilson_score,1000,0.92,0.94743,0.03365943073270525
wilson_score,1000,0.93,0.94611,0.031676460613506874
wilson_score,1000,0.9400000000000001,0.94716,0.029504948177912712
wilson_score,1000,0.9500000000000001,0.9509,0.027111673192361564
wilson_score,1000,0.96,0.95697,0.024425572443157365
wilson_score,1000,0.97,0.94939,0.02132214658739385
wilson_score,1000,0.98,0.94573,0.017598640461825618
wilson_score,1000,0.99,0.96431,0.01272012678062537
wilson_score,1000,1.0,1.0,0.0038267584855551373
wilson_score,2000,0.0,1.0,0.0019170472812529355
wilson_score,2000,0.01,0.94602,0.008861851146932406
wilson_score,2000,0.02,0.9539,0.012361845611151095
wilson_score,2000,0.03,0.94242,0.015016927070599031
wilson_score,2000,0.04,0.95343,0.01722026224758173
wilson_score,2000,0.05,0.95401,0.019133482913006036
wilson_score,2000,0.06,0.94646,0.020838084262233963
wilson_score,2000,0.07,0.95094,0.022384286637138085
wilson_score,2000,0.08,0.94747,0.023790644815093142
wilson_score,2000,0.09,0.95432,0.025094153911428954
wilson_score,2000,0.1,0.95122,0.02629749149128043
wilson_score,2000,0.11,0.94971,0.027421953150333498
wilson_score,2000,0.12,0.94981,0.02847831019390778
wilson_score,2000,0.13,0.95001,0.02947017521199511
wilson_score,2000,0.14,0.94988,0.030398921974888877
wilson_score,2000,0.15,0.95085,0.031280149860797406
wilson_score,2000,0.16,0.95306,0.03211064958322135
wilson_score,2000,0.17,0.94743,0.032898288379555204
wilson_score,2000,0.18,0.94879,0.033650004471160636
wilson_score,2000,0.19,0.9503,0.034361385587876735
wilson_score,2000,0.2,0.95242,0.03503492480150978
wilson_score,2000,0.21,0.94828,0.03566889756193802
wilson_score,2000,0.22,0.95128,0.03627756208881737
wilson_score,2000,0.23,0.94714,0.036856877748923995
wilson_score,2000,0.24,0.95005,0.03739998454239029
wilson_score,2000,0.25,0.94772,0.03791538136553523
wilson_score,2000,0.26,0.95057,0.03840685853880323
wilson_score,2000,0.27,0.94766,0.038875714225664555
wilson_score,2000,0.28,0.9503,0.03931607642974325
wilson_score,2000,0.29,0.94898,0.039728914331275185
wilson_score,2000,0.3,0.95164,0.04012405987191721
wilson_score,2000,0.31,0.94991,0.04049332925709247
wilson_score,2000,0.32,0.94751,0.04084111365452561
wilson_score,2000,0.33,0.95072,0.04116859657926121
wilson_score,2000,0.34,0.94874,0.04147552614320665
wilson_score,2000,0.35000000000000003,0.94799,0.04176013846108579
wilson_score,2000,0.36,0.95231,0.0420256078948939
wilson_score,2000,0.37,0.95185,0.0422702269002725
wilson_score,2000,0.38,0.95005,0.04249615777682273
wilson_score,2000,0.39,0.94942,0.04270187943738248
wilson_score,2000,0.4,0.94735,0.042890072903264596
wilson_score,2000,0.41000000000000003,0.9518,0.043059162680193504
wilson_score,2000,0.42,0.94961,0.04321042108613646
wilson_score,2000,0.43,0.95011,0.043342408882734544
wilson_score,2000,0.44,0.94947,0.04345708316660826
wilson_score,2000,0.45,0.94986,0.043554433367231866
wilson_score,2000,0.46,0.94925,0.04363296027768465
wilson_score,2000,0.47000000000000003,0.9483,0.043694622700294214
wilson_score,2000,0.48,0.94807,0.04373832609956272
wilson_score,2000,0.49,0.94836,0.04376437107507043
wilson_score,2000,0.5,0.94937,0.04377318773810676
wilson_score,2000,0.51,0.94901,0.043764447147690316
wilson_score,2000,0.52,0.94711,0.04373826595931957
wilson_score,2000,0.53,0.94725,0.043694232951530784
wilson_score,2000,0.54,0.94881,0.04363286255085071
wilson_score,2000,0.55,0.95021,0.04355474019492785
wilson_score,2000,0.56,0.94995,0.04345736975677247
wilson_score,2000,0.5700000000000001,0.9502,0.043343093727682656
wilson_score,2000,0.58,0.95113,0.04320942554652484
wilson_score,2000,0.59,0.9521,0.04305841970269635
wilson_score,2000,0.6,0.9494,0.04288920150489884
wilson_score,2000,0.61,0.94919,0.04270164085713223
wilson_score,2000,0.62,0.95053,0.04249605732954177
wilson_score,2000,0.63,0.94977,0.04227023210699228
wilson_score,2000,0.64,0.95296,0.042023996879062504
wilson_score,2000,0.65,0.94773,0.041760567879087454
wilson_score,2000,0.66,0.9507,0.04147393750845229
wilson_score,2000,0.67,0.95166,0.041167877717430905
wilson_score,2000,0.68,0.94841,0.04084172059598678
wilson_score,2000,0.6900000000000001,0.95091,0.040493373895066374
wilson_score,2000,0.7000000000000001,0.95267,0.040126043327526915
wilson_score,2000,0.71,0.94881,0.03973028974499887
wilson_score,2000,0.72,0.95016,0.03931217586141783
wilson_score,2000,0.73,0.94775,0.03887438272392403
wilson_score,2000,0.74,0.95273,0.03841058656296433
wilson_score,2000,0.75,0.94687,0.03791754117871457
wilson_score,2000,0.76,0.95019,0.03739987971525598
wilson_score,2000,0.77,0.94632,0.0368506908461967
wilson_score,2000,0.78,0.95051,0.03627813955321566
wilson_score,2000,0.79,0.94929,0.03567086820158236
wilson_score,2000,0.8,0.95262,0.035032230953336
wilson_score,2000,0.81,0.94959,0.03436019745878099
wilson_score,2000,0.8200000000000001,0.95021,0.03365032324551605
wilson_score,2000,0.8300000000000001,0.94688,0.032902202753726566
wilson_score,2000,0.84,0.95105,0.032114818482563284
wilson_score,2000,0.85,0.95106,0.03128347297767114
wilson_score,2000,0.86,0.95215,0.03040230381347892
wilson_score,2000,0.87,0.94993,0.029470279062992096
wilson_score,2000,0.88,0.95068,0.028477140780293526
wilson_score,2000,0.89,0.95132,0.027418648953053827
wilson_score,2000,0.9,0.95207,0.026296838890820826
wilson_score,2000,0.91,0.95406,0.02508792639732623
wilson_score,2000,0.92,0.94723,0.023790295326033967
wilson_score,2000,0.93,0.95063,0.022381322188555996
wilson_score,2000,0.9400000000000001,0.94714,0.02084000063382289
wilson_score,2000,0.9500000000000001,0.95439,0.0191390285584925
wilson_score,2000,0.96,0.95548,0.017223459378951114
wilson_score,2000,0.97,0.94219,0.015015001817682474
wilson_score,2000,0.98,0.95471,0.012366452551991735
wilson_score,2000,0.99,0.94577,0.008864437313209106
wilson_score,2000,1.0,1.0,0.0019170472812531925
wilson_score,10000,0.0,1.0,0.0003839983706765957
wilson_score,10000,0.01,0.94973,0.003912915314706822
wilson_score,10000,0.02,0.95078,0.005496655079679058
wilson_score,10000,0.03,0.94999,0.006692814834705777
wilson_score,10000,0.04,0.9503,0.007685597260154742
wilson_score,10000,0.05,0.95017,0.008545546162104532
wilson_score,10000,0.06,0.94877,0.009312125410665657
wilson_score,10000,0.07,0.95233,0.010003709269591078
wilson_score,10000,0.08,0.95088,0.01063561746029599
wilson_score,10000,0.09,0.95109,0.011219006079802635
wilson_score,10000,0.1,0.9496,0.0117596489495399
wilson_score,10000,0.11,0.95109,0.01226478506216278
wilson_score,10000,0.12,0.94915,0.012737369557473541
wilson_score,10000,0.13,0.94885,0.013181501523165457
wilson_score,10000,0.14,0.9524,0.013600083820647391
wilson_score,10000,0.15,0.94729,0.013995500441802273
wilson_score,10000,0.16,0.94881,0.014369236689821185
wilson_score,10000,0.17,0.94944,0.014723701723253145
wilson_score,10000,0.18,0.95179,0.01505800970607716
wilson_score,10000,0.19,0.94907,0.015375024475577504
wilson_score,10000,0.2,0.95088,0.015677565261052847
wilson_score,10000,0.21,0.94644,0.015963141791431698
wilson_score,10000,0.22,0.9506,0.016235293126868982
wilson_score,10000,0.23,0.94986,0.016493496733106926
wilson_score,10000,0.24,0.95019,0.01673831308741237
wilson_score,10000,0.25,0.9491,0.01697040638700628
wilson_score,10000,0.26,0.94872,0.017190317279608427
wilson_score,10000,0.27,0.95087,0.01739928895274043
wilson_score,10000,0.28,0.95218,0.017596816676858463
wilson_score,10000,0.29,0.94868,0.017783242083707542
wilson_score,10000,0.3,0.94974,0.01795935473112837
wilson_score,10000,0.31,0.94997,0.01812530006517209
wilson_score,10000,0.32,0.94996,0.018281410744987004
wilson_score,10000,0.33,0.95047,0.018427630462765448
wilson_score,10000,0.34,0.94928,0.018565015058939253
wilson_score,10000,0.35000000000000003,0.94936,0.018692450462960836
wilson_score,10000,0.36,0.9518,0.01881107329353286
wilson_score,10000,0.37,0.9498,0.01892138510979254
wilson_score,10000,0.38,0.95118,0.019022571977854324
wilson_score,10000,0.39,0.94981,0.019114964485084214
wilson_score,10000,0.4,0.94935,0.019198791346389545
wilson_score,10000,0.41000000000000003,0.94985,0.01927488555222009
wilson_score,10000,0.42,0.95006,0.019342659773958857
wilson_score,10000,0.43,0.9503,0.01940189576677502
wilson_score,10000,0.44,0.95106,0.01945332480670592
wilson_score,10000,0.45,0.95015,0.01949668402018653
wilson_score,10000,0.46,0.94971,0.019532147702979688
wilson_score,10000,0.47000000000000003,0.94763,0.01955962515309987
wilson_score,10000,0.48,0.94934,0.019579170553516365
wilson_score,10000,0.49,0.94778,0.019590969423335627
wilson_score,10000,0.5,0.95003,0.01959490359960368
wilson_score,10000,0.51,0.94924,0.01959099303810353
wilson_score,10000,0.52,0.94828,0.01957927735936362
wilson_score,10000,0.53,0.9489,0.01955960881635651
wilson_score,10000,0.54,0.94831,0.01953216396185912
wilson_score,10000,0.55,0.95036,0.019496697182694325
wilson_score,10000,0.56,0.95163,0.019453419654438253
wilson_score,10000,0.5700000000000001,0.95174,0.019401954662462455
wilson_score,10000,0.58,0.94966,0.019342366076009868
wilson_score,10000,0.59,0.95064,0.019274928045762932
wilson_score,10000,0.6,0.9515,0.01919905528354979
wilson_score,10000,0.61,0.95089,0.019114954877062797
wilson_score,10000,0.62,0.9501,0.0190221973387504
wilson_score,10000,0.63,0.94835,0.01892119352081409
wilson_score,10000,0.64,0.95082,0.018811389438810548
wilson_score,10000,0.65,0.95091,0.01869242077211634
wilson_score,10000,0.66,0.94866,0.01856454033085525
wilson_score,10000,0.67,0.95083,0.018427922167869825
wilson_score,10000,0.68,0.94906,0.018281461790595678
wilson_score,10000,0.6900000000000001,0.95044,0.0181253214055644
wilson_score,10000,0.7000000000000001,0.94839,0.01795866612101833
wilson_score,10000,0.71,0.95001,0.017783487989987603
wilson_score,10000,0.72,0.95197,0.017596738245523116
wilson_score,10000,0.73,0.95164,0.017399341418539417
wilson_score,10000,0.74,0.94931,0.017190439833434493
wilson_score,10000,0.75,0.94905,0.016970630171682367
wilson_score,10000,0.76,0.94891,0.0167375863075333
wilson_score,10000,0.77,0.9496,0.016493192223295827
wilson_score,10000,0.78,0.95143,0.016235318590999515
wilson_score,10000,0.79,0.9493,0.015963888007953512
wilson_score,10000,0.8,0.95134,0.015677086137535063
wilson_score,10000,0.81,0.94913,0.01537479702590147
wilson_score,10000,0.8200000000000001,0.95073,0.015058133266367754
wilson_score,10000,0.8300000000000001,0.94909,0.014722736766453318
wilson_score,10000,0.84,0.94931,0.014368676695692742
wilson_score,10000,0.85,0.94793,0.013995449236042278
wilson_score,10000,0.86,0.95214,0.013600211775929306
wilson_score,10000,0.87,0.94931,0.013181898702135252
wilson_score,10000,0.88,0.94935,0.012738181438182087
wilson_score,10000,0.89,0.9503,0.012264807900001003
wilson_score,10000,0.9,0.94757,0.011759794418404416
wilson_score,10000,0.91,0.95314,0.011219255947866488
wilson_score,10000,0.92,0.94963,0.010634942550339078
wilson_score,10000,0.93,0.95206,0.01000394891994185
wilson_score,10000,0.9400000000000001,0.94913,0.009311334523319845
wilson_score,10000,0.9500000000000001,0.94905,0.008545448966006765
wilson_score,10000,0.96,0.95046,0.00768747224558988
wilson_score,10000,0.97,0.95016,0.006691907837681277
wilson_score,10000,0.98,0.94977,0.0054959105355027885
wilson_score,10000,0.99,0.94947,0.003913529010494466
wilson_score,10000,1.0,1.0,0.000383998370676708
agresti_coull,1000,0.0,1.0,0.00461671614622642
agresti_coull,1000,0.01,0.96428,0.013276991770231172
agresti_coull,1000,0.02,0.94609,0.01798295424858255
agresti_coull,1000,0.03,0.94886,0.02162780356782344
agresti_coull,1000,0.04,0.95719,0.024680368767820763
agresti_coull,1000,0.05,0.95022,0.02733607089615816
agresti_coull,1000,0.06,0.94774,0.0297066615077775
agresti_coull,1000,0.07,0.94516,0.03185604654122828
agresti_coull,1000,0.08,0.94726,0.03381857841915888
agresti_coull,1000,0.09,0.94684,0.035631999929758344
agresti_coull,1000,0.1,0.94929,0.03732153282364704
agresti_coull,1000,0.11,0.95201,0.03889766871692093
agresti_coull,1000,0.12,0.95413,0.04037106906493649
agresti_coull,1000,0.13,0.94676,0.04175379263181775
agresti_coull,1000,0.14,0.94999,0.04306286104250164
agresti_coull,1000,0.15,0.95415,0.044290680703297614
agresti_coull,1000,0.16,0.94794,0.04546654171363763
agresti_coull,1000,0.17,0.953,0.046569229331231636
agresti_coull,1000,0.18,0.94642,0.04761790041475199
agresti_coull,1000,0.19,0.95284,0.04861689932501578
agresti_coull,1000,0.2,0.94754,0.04955762112673045
agresti_coull,1000,0.21,0.95284,0.05044218567383761
agresti_coull,1000,0.22,0.94832,0.051296633695266027
agresti_coull,1000,0.23,0.95467,0.05211438564538753
agresti_coull,1000,0.24,0.95108,0.05288162123319143
agresti_coull,1000,0.25,0.94734,0.053603887238065584
agresti_coull,1000,0.26,0.95285,0.054294891803690924
agresti_coull,1000,0.27,0.95022,0.05494294161506518
agresti_coull,1000,0.28,0.94714,0.055564495230784695
agresti_coull,1000,0.29,0.9534,0.05614986644742364
agresti_coull,1000,0.3,0.95129,0.05670032330916622
agresti_coull,1000,0.31,0.94853,0.05722585092764432
agresti_coull,1000,0.32,0.94608,0.057713279862027865
agresti_coull,1000,0.33,0.95289,0.0581723351491019
agresti_coull,1000,0.34,0.95122,0.05860729440075834
agresti_coull,1000,0.35000000000000003,0.94913,0.05900123706259264
agresti_coull,1000,0.36,0.9482,0.05937367142337469
agresti_coull,1000,0.37,0.94658,0.059718278558050314
agresti_coull,1000,0.38,0.9522,0.060035588854538656
agresti_coull,1000,0.39,0.95218,0.06032586543610059
agresti_coull,1000,0.4,0.95128,0.06058858743619126
agresti_coull,1000,0.41000000000000003,0.94962,0.06082741171207226
agresti_coull,1000,0.42,0.94966,0.061040319423479414
agresti_coull,1000,0.43,0.94934,0.06122485557447386
agresti_coull,1000,0.44,0.94858,0.06138653831806479
agresti_coull,1000,0.45,0.94742,0.06152249643118848
agresti_coull,1000,0.46,0.94638,0.06163237024846925
agresti_coull,1000,0.47000000000000003,0.94664,0.061719129539049275
agresti_coull,1000,0.48,0.94596,0.06178063015721358
agresti_coull,1000,0.49,0.94603,0.061817606585582024
agresti_coull,1000,0.5,0.94651,0.061830285816106674
agresti_coull,1000,0.51,0.94652,0.06181782945208415
agresti_coull,1000,0.52,0.9458,0.06178065272242326
agresti_coull,1000,0.53,0.94714,0.06171980785203658
agresti_coull,1000,0.54,0.94736,0.06163380758163181
agresti_coull,1000,0.55,0.94758,0.06152203236041695
agresti_coull,1000,0.56,0.94852,0.06138659879265448
agresti_coull,1000,0.5700000000000001,0.94829,0.06122523250271819
agresti_coull,1000,0.58,0.94951,0.061039270224869
agresti_coull,1000,0.59,0.95077,0.060828195106285204
agresti_coull,1000,0.6,0.9521,0.06059053272434084
agresti_coull,1000,0.61,0.95256,0.06032516929172214
agresti_coull,1000,0.62,0.95388,0.06003594234468581
agresti_coull,1000,0.63,0.94793,0.05971788939943756
agresti_coull,1000,0.64,0.94816,0.059374096296419196
agresti_coull,1000,0.65,0.94967,0.05900172532132748
agresti_coull,1000,0.66,0.95182,0.058601705475539646
agresti_coull,1000,0.67,0.9526,0.058174815636925906
agresti_coull,1000,0.68,0.94652,0.05771586683867311
agresti_coull,1000,0.6900000000000001,0.94927,0.0572218650985145
agresti_coull,1000,0.7000000000000001,0.95102,0.056700345579535745
agresti_coull,1000,0.71,0.95327,0.05615037361841566
agresti_coull,1000,0.72,0.94778,0.05556863416011873
agresti_coull,1000,0.73,0.95044,0.054944367974446476
agresti_coull,1000,0.74,0.95209,0.05429877031708659
agresti_coull,1000,0.75,0.94868,0.0536057086981323
agresti_coull,1000,0.76,0.95008,0.052878932646835596
agresti_coull,1000,0.77,0.95316,0.05211153522071409
agresti_coull,1000,0.78,0.9492,0.05130267338752376
agresti_coull,1000,0.79,0.95249,0.05044843066566677
agresti_coull,1000,0.8,0.94822,0.04955698079377753
agresti_coull,1000,0.81,0.95216,0.04861177013047888
agresti_coull,1000,0.8200000000000001,0.94701,0.04761951877790012
agresti_coull,1000,0.8300000000000001,0.95153,0.046567398691270245
agresti_coull,1000,0.84,0.9489,0.04545847119317897
agresti_coull,1000,0.85,0.95281,0.044297265719432065
agresti_coull,1000,0.86,0.94992,0.043059758440432576
agresti_coull,1000,0.87,0.94579,0.041748663660275936
agresti_coull,1000,0.88,0.95477,0.04036165088732437
agresti_coull,1000,0.89,0.9522,0.038894174293088765
agresti_coull,1000,0.9,0.94932,0.0373142364123076
agresti_coull,1000,0.91,0.94745,0.035625829374907735
agresti_coull,1000,0.92,0.94602,0.03381660606008261
agresti_coull,1000,0.93,0.94549,0.03185025108102275
agresti_coull,1000,0.9400000000000001,0.94787,0.02970023333008038
agresti_coull,1000,0.9500000000000001,0.95123,0.027330318494192513
agresti_coull,1000,0.96,0.95643,0.024674981822515447
agresti_coull,1000,0.97,0.94935,0.02162259596408536
agresti_coull,1000,0.98,0.94584,0.0179807629365049
agresti_coull,1000,0.99,0.96382,0.013285115398155635
agresti_coull,1000,1.0,1.0,0.004616716146226385
agresti_coull,2000,0.0,1.0,0.002313430950521927
agresti_coull,2000,0.01,0.94543,0.009059338389621209
agresti_coull,2000,0.02,0.95392,0.012498687996777948
agresti_coull,2000,0.03,0.95777,0.015129138596965895
agresti_coull,2000,0.04,0.95364,0.017317355526034715
agresti_coull,2000,0.05,0.95552,0.01921436401388037
agresti_coull,2000,0.06,0.94788,0.020909855019649613
agresti_coull,2000,0.07,0.95239,0.02243938629472959
agresti_coull,2000,0.08,0.94703,0.023844880287887046
agresti_coull,2000,0.09,0.95418,0.02513911957790452
agresti_coull,2000,0.1,0.95325,0.02634536465336851
agresti_coull,2000,0.11,0.95079,0.02746459938980814
agresti_coull,2000,0.12,0.95065,0.028511984999740933
agresti_coull,2000,0.13,0.94933,0.029503405835305904
agresti_coull,2000,0.14,0.95115,0.03043252797200943
agresti_coull,2000,0.15,0.95166,0.03131016338910673
agresti_coull,2000,0.16,0.95377,0.03214060717267481
agresti_coull,2000,0.17,0.94583,0.03292700111461834
agresti_coull,2000,0.18,0.94985,0.03367219880757725
agresti_coull,2000,0.19,0.95092,0.03438217369915618
agresti_coull,2000,0.2,0.9531,0.035055136958020094
agresti_coull,2000,0.21,0.94782,0.03568932250905428
agresti_coull,2000,0.22,0.95195,0.03629498418731906
agresti_coull,2000,0.23,0.94728,0.03686579476926904
agresti_coull,2000,0.24,0.94982,0.0374115720465448
agresti_coull,2000,0.25,0.94652,0.03792612680306019
agresti_coull,2000,0.26,0.94985,0.0384208022967961
agresti_coull,2000,0.27,0.94726,0.03888311222585156
agresti_coull,2000,0.28,0.95046,0.03932512287214483
agresti_coull,2000,0.29,0.94901,0.039741841979507905
agresti_coull,2000,0.3,0.95261,0.040129339735894526
agresti_coull,2000,0.31,0.94959,0.04050141128642428
agresti_coull,2000,0.32,0.94838,0.04084906343868696
agresti_coull,2000,0.33,0.95207,0.04117331698863229
agresti_coull,2000,0.34,0.94935,0.04147826655906815
agresti_coull,2000,0.35000000000000003,0.94777,0.041762371136346836
agresti_coull,2000,0.36,0.95143,0.04202848006399955
agresti_coull,2000,0.37,0.95074,0.04227371683737916
agresti_coull,2000,0.38,0.95079,0.04249929473333829
agresti_coull,2000,0.39,0.94955,0.04270454433023592
agresti_coull,2000,0.4,0.94639,0.042890984222968866
agresti_coull,2000,0.41000000000000003,0.95087,0.04306041875957272
agresti_coull,2000,0.42,0.95282,0.04321148834477501
agresti_coull,2000,0.43,0.94979,0.043343274328782815
agresti_coull,2000,0.44,0.94922,0.043457595605236814
agresti_coull,2000,0.45,0.94984,0.04355498536291639
agresti_coull,2000,0.46,0.9493,0.043633266989391906
agresti_coull,2000,0.47000000000000003,0.9489,0.04369452942161586
agresti_coull,2000,0.48,0.9478,0.043738289297553704
agresti_coull,2000,0.49,0.94879,0.04376445983621853
agresti_coull,2000,0.5,0.94885,0.043773216386223696
agresti_coull,2000,0.51,0.94847,0.04376451151384857
agresti_coull,2000,0.52,0.94814,0.04373811062284886
agresti_coull,2000,0.53,0.94801,0.043694634351266685
agresti_coull,2000,0.54,0.9486,0.04363349313032295
agresti_coull,2000,0.55,0.95102,0.04355465024373479
agresti_coull,2000,0.56,0.9499,0.04345810023153104
agresti_coull,2000,0.5700000000000001,0.95075,0.04334423460183725
agresti_coull,2000,0.58,0.95152,0.04321188827639574
agresti_coull,2000,0.59,0.95255,0.04306111900603963
agresti_coull,2000,0.6,0.94879,0.04289127056469221
agresti_coull,2000,0.61,0.9492,0.0427047831387892
agresti_coull,2000,0.62,0.9503,0.042497832002933084
agresti_coull,2000,0.63,0.95058,0.04227207839463466
agresti_coull,2000,0.64,0.95235,0.042028496717053394
agresti_coull,2000,0.65,0.94766,0.041765228988987595
agresti_coull,2000,0.66,0.94941,0.041479278871426495
agresti_coull,2000,0.67,0.95167,0.04117148511914035
agresti_coull,2000,0.68,0.94712,0.0408493945434686
agresti_coull,2000,0.6900000000000001,0.95019,0.040502807933320735
agresti_coull,2000,0.7000000000000001,0.95178,0.04013313938335987
agresti_coull,2000,0.71,0.94848,0.03973864776320931
agresti_coull,2000,0.72,0.94997,0.03932429803312803
agresti_coull,2000,0.73,0.94887,0.03888649705863421
agresti_coull,2000,0.74,0.95122,0.03842188845656126
agresti_coull,2000,0.75,0.94696,0.03793296715743556
agresti_coull,2000,0.76,0.9501,0.03741385056619244
agresti_coull,2000,0.77,0.94874,0.0368689449460395
agresti_coull,2000,0.78,0.95139,0.03629257504846805
agresti_coull,2000,0.79,0.94884,0.03569038061519702
agresti_coull,2000,0.8,0.95429,0.035053961118439364
agresti_coull,2000,0.81,0.95072,0.03437742334577802
agresti_coull,2000,0.8200000000000001,0.94899,0.033671292447199255
agresti_coull,2000,0.8300000000000001,0.94658,0.03292806635741039
agresti_coull,2000,0.84,0.95175,0.03214676444523633
agresti_coull,2000,0.85,0.95038,0.03130952933413697
agresti_coull,2000,0.86,0.95098,0.030434358291455337
agresti_coull,2000,0.87,0.94972,0.02950715805366595
agresti_coull,2000,0.88,0.95013,0.028512515543562454
agresti_coull,2000,0.89,0.95156,0.02746187425257898
agresti_coull,2000,0.9,0.95232,0.026341381137589832
agresti_coull,2000,0.91,0.95414,0.025140220646285658
agresti_coull,2000,0.92,0.94749,0.023846268562816512
agresti_coull,2000,0.93,0.95144,0.022440571548197296
agresti_coull,2000,0.9400000000000001,0.94604,0.02090893054033331
agresti_coull,2000,0.9500000000000001,0.95454,0.01921836698202794
agresti_coull,2000,0.96,0.95567,0.017316999684445944
agresti_coull,2000,0.97,0.95912,0.015118798815463451
agresti_coull,2000,0.98,0.95554,0.012492939425704754
agresti_coull,2000,0.99,0.94647,0.009059468529876468
agresti_coull,2000,1.0,1.0,0.002313430950521833
agresti_coull,10000,0.0,1.0,0.0004635009693938165
agresti_coull,10000,0.01,0.94921,0.00393061599925726
agresti_coull,10000,0.02,0.94975,0.005508201900931065
agresti_coull,10000,0.03,0.95036,0.006701605918814697
agresti_coull,10000,0.04,0.94968,0.00769381396720455
agresti_coull,10000,0.05,0.94855,0.008553521701431076
agresti_coull,10000,0.06,0.95016,0.009318668794258786
agresti_coull,10000,0.07,0.95366,0.01000812361092067
agresti_coull,10000,0.08,0.95184,0.01064145711357694
agresti_coull,10000,0.09,0.95207,0.011223321943228911
agresti_coull,10000,0.1,0.94823,0.0117643384088547
agresti_coull,10000,0.11,0.95141,0.012268561466006998
agresti_coull,10000,0.12,0.94857,0.012741464789203119
agresti_coull,10000,0.13,0.94783,0.013185518845354328
agresti_coull,10000,0.14,0.95273,0.013602744453607077
agresti_coull,10000,0.15,0.94882,0.013998297934028243
agresti_coull,10000,0.16,0.94875,0.01437159737855597
agresti_coull,10000,0.17,0.94913,0.014725631989745268
agresti_coull,10000,0.18,0.95007,0.015059571480612844
agresti_coull,10000,0.19,0.94907,0.015377207861935117
agresti_coull,10000,0.2,0.95109,0.015679633176229824
agresti_coull,10000,0.21,0.94874,0.01596569976275739
agresti_coull,10000,0.22,0.95048,0.016236768164591988
agresti_coull,10000,0.23,0.95125,0.016494598605531572
agresti_coull,10000,0.24,0.94988,0.01673936933988449
agresti_coull,10000,0.25,0.94865,0.01697149794579993
agresti_coull,10000,0.26,0.94828,0.017191422215684444
agresti_coull,10000,0.27,0.95085,0.017399994262359657
agresti_coull,10000,0.28,0.95164,0.01759747139139873
agresti_coull,10000,0.29,0.94896,0.017784073509204266
agresti_coull,10000,0.3,0.94836,0.01796022367109749
agresti_coull,10000,0.31,0.95046,0.018125968144500362
agresti_coull,10000,0.32,0.95115,0.018282166276552585
agresti_coull,10000,0.33,0.95075,0.018428328455475033
agresti_coull,10000,0.34,0.94975,0.01856490588072511
agresti_coull,10000,0.35000000000000003,0.94794,0.018693132439291292
agresti_coull,10000,0.36,0.95078,0.018811667010841374
agresti_coull,10000,0.37,0.94919,0.01892159126513573
agresti_coull,10000,0.38,0.95071,0.01902275856076473
agresti_coull,10000,0.39,0.95012,0.019115137655245255
agresti_coull,10000,0.4,0.95026,0.019199175376282546
agresti_coull,10000,0.41000000000000003,0.95071,0.019275121799839763
agresti_coull,10000,0.42,0.94968,0.019342516274830197
agresti_coull,10000,0.43,0.95121,0.019402007902013706
agresti_coull,10000,0.44,0.95042,0.01945340216038617
agresti_coull,10000,0.45,0.94956,0.019496757763841764
agresti_coull,10000,0.46,0.94963,0.019532139126188883
agresti_coull,10000,0.47000000000000003,0.9502,0.019559664727714508
agresti_coull,10000,0.48,0.94919,0.01957928444728575
agresti_coull,10000,0.49,0.94891,0.019591001263209055
agresti_coull,10000,0.5,0.94824,0.019594890290476324
agresti_coull,10000,0.51,0.94901,0.019590984904646253
agresti_coull,10000,0.52,0.94944,0.019579192774175823
agresti_coull,10000,0.53,0.95026,0.019559565346342487
agresti_coull,10000,0.54,0.94927,0.01953209680496907
agresti_coull,10000,0.55,0.95032,0.019496663618048252
agresti_coull,10000,0.56,0.95057,0.01945339106613828
agresti_coull,10000,0.5700000000000001,0.95111,0.01940190563425099
agresti_coull,10000,0.58,0.94939,0.01934273014973896
agresti_coull,10000,0.59,0.95034,0.01927504718418742
agresti_coull,10000,0.6,0.94982,0.01919926322261287
agresti_coull,10000,0.61,0.94938,0.01911515467314649
agresti_coull,10000,0.62,0.94969,0.019022741757978318
agresti_coull,10000,0.63,0.94934,0.01892155579646163
agresti_coull,10000,0.64,0.95124,0.018811669244714835
agresti_coull,10000,0.65,0.9508,0.018693163491765512
agresti_coull,10000,0.66,0.94934,0.018565191917960192
agresti_coull,10000,0.67,0.95091,0.018428186321078087
agresti_coull,10000,0.68,0.95043,0.018282206367992427
agresti_coull,10000,0.6900000000000001,0.95047,0.018126199154119102
agresti_coull,10000,0.7000000000000001,0.95048,0.017960268597917373
agresti_coull,10000,0.71,0.94877,0.01778408010389728
agresti_coull,10000,0.72,0.95141,0.01759780209215739
agresti_coull,10000,0.73,0.95226,0.017399888514716785
agresti_coull,10000,0.74,0.94829,0.01719187437036648
agresti_coull,10000,0.75,0.94898,0.016971327592231376
agresti_coull,10000,0.76,0.94959,0.016739273920479514
agresti_coull,10000,0.77,0.95115,0.0164939059938164
agresti_coull,10000,0.78,0.9514,0.016236588936270297
agresti_coull,10000,0.79,0.94809,0.015965019280478374
agresti_coull,10000,0.8,0.95109,0.015678225677167666
agresti_coull,10000,0.81,0.94841,0.015377831098866191
agresti_coull,10000,0.8200000000000001,0.95156,0.015059620070574459
agresti_coull,10000,0.8300000000000001,0.94959,0.014724946295440182
agresti_coull,10000,0.84,0.94895,0.014371935929980985
agresti_coull,10000,0.85,0.95046,0.013997842032267544
agresti_coull,10000,0.86,0.95079,0.013603410475397848
agresti_coull,10000,0.87,0.94892,0.013184837457301578
agresti_coull,10000,0.88,0.95023,0.012740432116099503
agresti_coull,10000,0.89,0.95123,0.012268812997319587
agresti_coull,10000,0.9,0.9496,0.011765559172359987
agresti_coull,10000,0.91,0.95161,0.01122377447272016
agresti_coull,10000,0.92,0.95113,0.010641413574401194
agresti_coull,10000,0.93,0.95124,0.010007620515387937
agresti_coull,10000,0.9400000000000001,0.95005,0.009318212624309227
agresti_coull,10000,0.9500000000000001,0.94955,0.008553912446167978
agresti_coull,10000,0.96,0.94943,0.007693601647481619
agresti_coull,10000,0.97,0.94948,0.006702351516669146
agresti_coull,10000,0.98,0.95101,0.0055074394732142345
agresti_coull,10000,0.99,0.95037,0.003932056063486759
agresti_coull,10000,1.0,1.0,0.00046350096939384855
wald,1000,0.0,1.0,0.0
wald,1000,0.01,0.92907,0.01216905314833825
wald,1000,0.02,0.94809,0.017245061330277027
wald,1000,0.03,0.93469,0.02104791317221414
wald,1000,0.04,0.94687,0.024204155022985105
wald,1000,0.05,0.94115,0.026941839806333395
wald,1000,0.06,0.95054,0.029372730627291333
wald,1000,0.07,0.95029,0.03156230106711362
wald,1000,0.08,0.94988,0.03357253097496232
wald,1000,0.09,0.95168,0.0354238788674161
wald,1000,0.1,0.95286,0.037137943045689556
wald,1000,0.11,0.94356,0.03874414230809194
wald,1000,0.12,0.9462,0.040232406576729635
wald,1000,0.13,0.94904,0.04163486839984369
wald,1000,0.14,0.94826,0.04296905759847695
wald,1000,0.15,0.94571,0.04421092051902919
wald,1000,0.16,0.95182,0.04540404841933973
wald,1000,0.17,0.95063,0.04652516661489163
wald,1000,0.18,0.94972,0.047578068572973316
wald,1000,0.19,0.95103,0.04858688508136127
wald,1000,0.2,0.94615,0.04954766490949526
wald,1000,0.21,0.95113,0.05045078436774448
wald,1000,0.22,0.9484,0.05131666517178699
wald,1000,0.23,0.95396,0.05212615791467813
wald,1000,0.24,0.94933,0.05290462502643251
wald,1000,0.25,0.94638,0.05363957121353136
wald,1000,0.26,0.95284,0.054338112610356364
wald,1000,0.27,0.95029,0.05500053433211876
wald,1000,0.28,0.94558,0.05562395017146321
wald,1000,0.29,0.9491,0.05621466426408384
wald,1000,0.3,0.94905,0.05676944734720669
wald,1000,0.31,0.94803,0.05730028797002463
wald,1000,0.32,0.94999,0.05779291834030039
wald,1000,0.33,0.948,0.05825347544272991
wald,1000,0.34,0.94751,0.05868638167038428
wald,1000,0.35000000000000003,0.94973,0.059090844844600504
wald,1000,0.36,0.9519,0.05946950869584108
wald,1000,0.37,0.95022,0.059817044767785384
wald,1000,0.38,0.94898,0.060137130318228926
wald,1000,0.39,0.9493,0.0604290177432222
wald,1000,0.4,0.94773,0.060696384942495914
wald,1000,0.41000000000000003,0.95088,0.06093657630257177
wald,1000,0.42,0.94966,0.061149870128912716
wald,1000,0.43,0.94866,0.06133738182383995
wald,1000,0.44,0.94799,0.061499838604044586
wald,1000,0.45,0.9482,0.061636912006852396
wald,1000,0.46,0.94618,0.06174977550703761
wald,1000,0.47000000000000003,0.94739,0.0618361050905252
wald,1000,0.48,0.94644,0.06189893298355208
wald,1000,0.49,0.94577,0.06193586813399539
wald,1000,0.5,0.9458,0.06194836374678932
wald,1000,0.51,0.947,0.061936083679375406
wald,1000,0.52,0.94665,0.0618991707557803
wald,1000,0.53,0.94766,0.06183661271368615
wald,1000,0.54,0.94684,0.06174956708695976
wald,1000,0.55,0.94773,0.061637552101493874
wald,1000,0.56,0.94703,0.06149874250608342
wald,1000,0.5700000000000001,0.94813,0.06133590038230985
wald,1000,0.58,0.94947,0.06114929118828392
wald,1000,0.59,0.94976,0.06093587174620073
wald,1000,0.6,0.94692,0.06069543913947652
wald,1000,0.61,0.94845,0.06042941047865046
wald,1000,0.62,0.94911,0.06013775872125999
wald,1000,0.63,0.95058,0.05981634575715553
wald,1000,0.64,0.95192,0.05946420540171604
wald,1000,0.65,0.94862,0.059091106461416874
wald,1000,0.66,0.94703,0.05868917763100448
wald,1000,0.67,0.94927,0.05825360711912871
wald,1000,0.68,0.95081,0.0577911011242154
wald,1000,0.6900000000000001,0.94809,0.057297187778136846
wald,1000,0.7000000000000001,0.95197,0.05677570121747818
wald,1000,0.71,0.94912,0.056214184947268174
wald,1000,0.72,0.9469,0.055623133492197024
wald,1000,0.73,0.9491,0.05500034688274943
wald,1000,0.74,0.95239,0.05433689232670242
wald,1000,0.75,0.94689,0.053643416458803515
wald,1000,0.76,0.95108,0.052905467966811386
wald,1000,0.77,0.95419,0.05213200911678965
wald,1000,0.78,0.94672,0.05131198392078589
wald,1000,0.79,0.95176,0.050461598164258756
wald,1000,0.8,0.94841,0.04954961881121636
wald,1000,0.81,0.95068,0.048587409944451244
wald,1000,0.8200000000000001,0.95101,0.04758088546550258
wald,1000,0.8300000000000001,0.95271,0.04652342430098562
wald,1000,0.84,0.95035,0.0454009328059249
wald,1000,0.85,0.94662,0.04421954504100296
wald,1000,0.86,0.9497,0.04296964463903504
wald,1000,0.87,0.94911,0.04163971681445019
wald,1000,0.88,0.94673,0.040237746468468574
wald,1000,0.89,0.94406,0.03874151486401807
wald,1000,0.9,0.95398,0.03713450201131851
wald,1000,0.91,0.95113,0.03542798937227601
wald,1000,0.92,0.95044,0.033568255586019294
wald,1000,0.93,0.95002,0.03156733123224687
wald,1000,0.9400000000000001,0.95224,0.029372420385189616
wald,1000,0.9500000000000001,0.94194,0.026951062435745916
wald,1000,0.96,0.9471,0.024213345743738863
wald,1000,0.97,0.93555,0.021056170482275167
wald,1000,0.98,0.95065,0.017240396456472143
wald,1000,0.99,0.92632,0.012162252199769536
wald,1000,1.0,1.0,0.0
wald,2000,0.0,1.0,0.0
wald,2000,0.01,0.94901,0.008664029846549246
wald,2000,0.02,0.94456,0.012228279259401547
wald,2000,0.03,0.94712,0.01492181294872852
wald,2000,0.04,0.94914,0.01714210591325338
wald,2000,0.05,0.94583,0.019075407269780003
wald,2000,0.06,0.95185,0.02079354190494333
wald,2000,0.07,0.94836,0.022342401311834664
wald,2000,0.08,0.95039,0.023760436649941048
wald,2000,0.09,0.94737,0.025066526980818172
wald,2000,0.1,0.94722,0.02628547547423607
wald,2000,0.11,0.94535,0.02740531800515879
wald,2000,0.12,0.94958,0.028471406279333165
wald,2000,0.13,0.94931,0.02946550189486554
wald,2000,0.14,0.94965,0.0303990431936639
wald,2000,0.15,0.94731,0.031284430756542164
wald,2000,0.16,0.9495,0.03211599945722466
wald,2000,0.17,0.94994,0.03291269492349396
wald,2000,0.18,0.94996,0.03365871380644062
wald,2000,0.19,0.94944,0.03437434471767557
wald,2000,0.2,0.94924,0.035048546795523335
wald,2000,0.21,0.94994,0.03568691621244578
wald,2000,0.22,0.95092,0.036295051871511504
wald,2000,0.23,0.94783,0.03687589786262632
wald,2000,0.24,0.95071,0.03742135828713649
wald,2000,0.25,0.94727,0.03794065589784185
wald,2000,0.26,0.95001,0.03843689007405066
wald,2000,0.27,0.95113,0.038902208081989804
wald,2000,0.28,0.95139,0.03934251126915604
wald,2000,0.29,0.94697,0.03976390209253683
wald,2000,0.3,0.94821,0.0401555545672037
wald,2000,0.31,0.94975,0.04052658225863637
wald,2000,0.32,0.95192,0.0408762757350902
wald,2000,0.33,0.94858,0.04120329180439442
wald,2000,0.34,0.95039,0.041508966639279124
wald,2000,0.35000000000000003,0.95124,0.04179761344780463
wald,2000,0.36,0.95069,0.04206296056000421
wald,2000,0.37,0.94815,0.04230681688036144
wald,2000,0.38,0.94917,0.04253278319321669
wald,2000,0.39,0.95171,0.04274140750160634
wald,2000,0.4,0.94954,0.04292960934711824
wald,2000,0.41000000000000003,0.94948,0.04309936714227608
wald,2000,0.42,0.94752,0.04325022658644392
wald,2000,0.43,0.95158,0.04338356440462188
wald,2000,0.44,0.95038,0.04349833579725787
wald,2000,0.45,0.95051,0.04359537860264445
wald,2000,0.46,0.94838,0.043674761277068964
wald,2000,0.47000000000000003,0.94915,0.0437364124213128
wald,2000,0.48,0.94835,0.0437802612202226
wald,2000,0.49,0.94819,0.04380634778329309
wald,2000,0.5,0.94816,0.043815158227028105
wald,2000,0.51,0.94839,0.04380638935419639
wald,2000,0.52,0.94714,0.043779923026420385
wald,2000,0.53,0.94859,0.043736450318073
wald,2000,0.54,0.94948,0.04367427125009654
wald,2000,0.55,0.94906,0.04359528292853247
wald,2000,0.56,0.9502,0.043497855285224166
wald,2000,0.5700000000000001,0.95109,0.04338321748126444
wald,2000,0.58,0.94959,0.04325072692693925
wald,2000,0.59,0.94879,0.04309864215045394
wald,2000,0.6,0.95105,0.04293012772323355
wald,2000,0.61,0.95156,0.04273945795786298
wald,2000,0.62,0.95007,0.04253299402787421
wald,2000,0.63,0.94888,0.04230668962294648
wald,2000,0.64,0.95015,0.04206096023824917
wald,2000,0.65,0.95044,0.041795863310898615
wald,2000,0.66,0.94833,0.04150855459248721
wald,2000,0.67,0.94952,0.04120359248922405
wald,2000,0.68,0.95053,0.040875454673477314
wald,2000,0.6900000000000001,0.94966,0.04052607645162428
wald,2000,0.7000000000000001,0.94952,0.040155539452609926
wald,2000,0.71,0.94758,0.03976135961940134
wald,2000,0.72,0.95049,0.039344577277934785
wald,2000,0.73,0.95017,0.03890129754233951
wald,2000,0.74,0.9502,0.03843456288769506
wald,2000,0.75,0.9471,0.03794146029081945
wald,2000,0.76,0.95078,0.03742193805688425
wald,2000,0.77,0.94805,0.03687552070712753
wald,2000,0.78,0.95086,0.03629703363397353
wald,2000,0.79,0.94865,0.0356881999093871
wald,2000,0.8,0.9497,0.03504660445424641
wald,2000,0.81,0.95005,0.03437300635121842
wald,2000,0.8200000000000001,0.94847,0.03366635972083408
wald,2000,0.8300000000000001,0.94933,0.03290987583180196
wald,2000,0.84,0.9478,0.03211879601084018
wald,2000,0.85,0.94739,0.03128751823653091
wald,2000,0.86,0.9496,0.030395771216481366
wald,2000,0.87,0.94931,0.029462332711245216
wald,2000,0.88,0.94831,0.02846685523439225
wald,2000,0.89,0.94597,0.027410035491928865
wald,2000,0.9,0.94474,0.026281404648002635
wald,2000,0.91,0.94863,0.02506477668271513
wald,2000,0.92,0.95052,0.023759477613140127
wald,2000,0.93,0.94806,0.022340957634782853
wald,2000,0.9400000000000001,0.9508,0.02079299131698674
wald,2000,0.9500000000000001,0.94698,0.01907865132675312
wald,2000,0.96,0.95001,0.017146665737670975
wald,2000,0.97,0.94797,0.014922966258965087
wald,2000,0.98,0.9448,0.012232908920712365
wald,2000,0.99,0.94898,0.008664255694262454
wald,2000,1.0,1.0,0.0
wald,10000,0.0,1.0,0.0
wald,10000,0.01,0.94604,0.003895972688948451
wald,10000,0.02,0.94972,0.005484422054635889
wald,10000,0.03,0.95119,0.006683656850783645
wald,10000,0.04,0.94772,0.00767903713458369
wald,10000,0.05,0.95071,0.008542215345939066
wald,10000,0.06,0.94952,0.009307300867661362
wald,10000,0.07,0.94948,0.009999889957670724
wald,10000,0.08,0.94901,0.010632334193550384
wald,10000,0.09,0.94911,0.011216091146636737
wald,10000,0.1,0.95161,0.011757678719048249
wald,10000,0.11,0.94846,0.012263691344305017
wald,10000,0.12,0.95131,0.012737080175607781
wald,10000,0.13,0.94963,0.013180888015655125
wald,10000,0.14,0.9499,0.01359952607355172
wald,10000,0.15,0.9485,0.013995195870103207
wald,10000,0.16,0.95106,0.014369392405864753
wald,10000,0.17,0.94878,0.014723306974307043
wald,10000,0.18,0.95097,0.015058518824808634
wald,10000,0.19,0.94974,0.01537601814406723
wald,10000,0.2,0.95125,0.015678574716316843
wald,10000,0.21,0.94918,0.015964869879789945
wald,10000,0.22,0.95066,0.016237607880333283
wald,10000,0.23,0.9505,0.01649519530539084
wald,10000,0.24,0.94995,0.01674006325192425
wald,10000,0.25,0.94901,0.0169730168435841
wald,10000,0.26,0.94962,0.01719351434187741
wald,10000,0.27,0.95051,0.017401782462115066
wald,10000,0.28,0.95001,0.0175993113259975
wald,10000,0.29,0.95066,0.017785818256640783
wald,10000,0.3,0.95066,0.017962640076099903
wald,10000,0.31,0.94997,0.01812829246393256
wald,10000,0.32,0.94992,0.01828421529765893
wald,10000,0.33,0.94906,0.018431480167507033
wald,10000,0.34,0.94977,0.018567603937392343
wald,10000,0.35000000000000003,0.95029,0.01869604264633615
wald,10000,0.36,0.95026,0.018814755991630877
wald,10000,0.37,0.95161,0.018924501821557842
wald,10000,0.38,0.94941,0.019025845094264485
wald,10000,0.39,0.95035,0.019118402486933903
wald,10000,0.4,0.95013,0.01920272077758273
wald,10000,0.41000000000000003,0.94914,0.019278423420191055
wald,10000,0.42,0.94964,0.019346179476277505
wald,10000,0.43,0.9498,0.019405625797662102
wald,10000,0.44,0.95024,0.01945704385933122
wald,10000,0.45,0.94916,0.019500424614720024
wald,10000,0.46,0.94915,0.019535821433468218
wald,10000,0.47000000000000003,0.94867,0.01956330370809506
wald,10000,0.48,0.94764,0.019583001426021665
wald,10000,0.49,0.94865,0.019594759271777965
wald,10000,0.5,0.94802,0.01959865603603566
wald,10000,0.51,0.94899,0.019594754000727483
wald,10000,0.52,0.94961,0.01958295669083562
wald,10000,0.53,0.94961,0.01956333125305041
wald,10000,0.54,0.94955,0.019535826495043186
wald,10000,0.55,0.95031,0.019500386901311267
wald,10000,0.56,0.95048,0.019456986357272527
wald,10000,0.5700000000000001,0.94944,0.01940564333552589
wald,10000,0.58,0.95033,0.019346017449008233
wald,10000,0.59,0.9495,0.01927873594114827
wald,10000,0.6,0.94962,0.019202861222681337
wald,10000,0.61,0.94992,0.019118261936589612
wald,10000,0.62,0.95096,0.01902579985505262
wald,10000,0.63,0.95017,0.01892453609501177
wald,10000,0.64,0.94944,0.018814196677463698
wald,10000,0.65,0.95001,0.01869613997940237
wald,10000,0.66,0.94928,0.0185679445103638
wald,10000,0.67,0.95006,0.018431017066586584
wald,10000,0.68,0.95017,0.018284591410318508
wald,10000,0.6900000000000001,0.94909,0.018128343615656812
wald,10000,0.7000000000000001,0.94987,0.017962193563603474
wald,10000,0.71,0.94934,0.01778602508951069
wald,10000,0.72,0.95097,0.017599539393165067
wald,10000,0.73,0.9503,0.017401814153840133
wald,10000,0.74,0.95025,0.017192848133569586
wald,10000,0.75,0.94792,0.016972724997274195
wald,10000,0.76,0.94937,0.016740081758754046
wald,10000,0.77,0.94954,0.01649524048519212
wald,10000,0.78,0.95011,0.016236460504126672
wald,10000,0.79,0.94895,0.015965678792700784
wald,10000,0.8,0.94997,0.015678389719652554
wald,10000,0.81,0.95005,0.015376385708899964
wald,10000,0.8200000000000001,0.95021,0.015058475714738718
wald,10000,0.8300000000000001,0.94965,0.014723047148449766
wald,10000,0.84,0.95043,0.014370075340211794
wald,10000,0.85,0.95052,0.013995060953263683
wald,10000,0.86,0.94933,0.01359976101541593
wald,10000,0.87,0.95148,0.013182152965082393
wald,10000,0.88,0.95085,0.012737094157054084
wald,10000,0.89,0.94834,0.012263361470333242
wald,10000,0.9,0.94995,0.011758058248310761
wald,10000,0.91,0.95043,0.011216629350467711
wald,10000,0.92,0.94924,0.010631931698331378
wald,10000,0.93,0.95034,0.009999928133846208
wald,10000,0.9400000000000001,0.94949,0.009306862335090609
wald,10000,0.9500000000000001,0.95071,0.008541326593490904
wald,10000,0.96,0.94868,0.0076798103820052
wald,10000,0.97,0.94921,0.006684326621614401
wald,10000,0.98,0.94866,0.00548451904087339
wald,10000,0.99,0.94553,0.003894618486214345
wald,10000,1.0,1.0,0.0
jeffreys,1000,0.0,1.0,0.0025081643414222973
jeffreys,1000,0.01,0.94425,0.01235581841194574
jeffreys,1000,0.02,0.95849,0.01735676563630459
jeffreys,1000,0.03,0.94906,0.021132108967323888
jeffreys,1000,0.04,0.94705,0.02426412649342997
jeffreys,1000,0.05,0.95009,0.026996126574702694
jeffreys,1000,0.06,0.95408,0.02940196317848548
jeffreys,1000,0.07,0.95397,0.03158113903371485
jeffreys,1000,0.08,0.95251,0.033590424856150505
jeffreys,1000,0.09,0.95372,0.035422321137650994
jeffreys,1000,0.1,0.9486,0.03712984023655081
jeffreys,1000,0.11,0.95256,0.03873740996282672
jeffreys,1000,0.12,0.94848,0.040221719205439474
jeffreys,1000,0.13,0.95303,0.04162952035840007
jeffreys,1000,0.14,0.95061,0.04294349077129372
jeffreys,1000,0.15,0.94839,0.044200472963819244
jeffreys,1000,0.16,0.95251,0.04537068012906966
jeffreys,1000,0.17,0.94754,0.04649108113525932
jeffreys,1000,0.18,0.95231,0.04755059422437354
jeffreys,1000,0.19,0.95131,0.048546425534451175
jeffreys,1000,0.2,0.95261,0.04950727536582378
jeffreys,1000,0.21,0.94859,0.050405567532156546
jeffreys,1000,0.22,0.94738,0.051257182739121984
jeffreys,1000,0.23,0.94845,0.05208151462522337
jeffreys,1000,0.24,0.94961,0.052852962559157314
jeffreys,1000,0.25,0.95024,0.05358666196268028
jeffreys,1000,0.26,0.94837,0.054278077074960185
jeffreys,1000,0.27,0.94936,0.05493972738379781
jeffreys,1000,0.28,0.95121,0.0555615744608564
jeffreys,1000,0.29,0.94842,0.0561544198909867
jeffreys,1000,0.3,0.95038,0.05671293342968082
jeffreys,1000,0.31,0.94784,0.05723108764143593
jeffreys,1000,0.32,0.95106,0.05772701546399207
jeffreys,1000,0.33,0.94913,0.058187713447135775
jeffreys,1000,0.34,0.95118,0.05862450158869265
jeffreys,1000,0.35000000000000003,0.95003,0.05902396146714584
jeffreys,1000,0.36,0.94769,0.0593982366555535
jeffreys,1000,0.37,0.95102,0.05974802976290362
jeffreys,1000,0.38,0.94933,0.06006407534866024
jeffreys,1000,0.39,0.95233,0.0603589896208089
jeffreys,1000,0.4,0.95072,0.06062534002533031
jeffreys,1000,0.41000000000000003,0.94945,0.06086328584017405
jeffreys,1000,0.42,0.9485,0.06107568190857191
jeffreys,1000,0.43,0.9493,0.061262820134667426
jeffreys,1000,0.44,0.94766,0.061424521829042886
jeffreys,1000,0.45,0.94792,0.06156268273411541
jeffreys,1000,0.46,0.94676,0.061675574061964555
jeffreys,1000,0.47000000000000003,0.94647,0.061762165310558885
jeffreys,1000,0.48,0.9451,0.061824096955755324
jeffreys,1000,0.49,0.94613,0.06186128429619534
jeffreys,1000,0.5,0.94692,0.06187376565993438
jeffreys,1000,0.51,0.94658,0.061861110828290045
jeffreys,1000,0.52,0.94719,0.06182374972406888
jeffreys,1000,0.53,0.94712,0.06176265916225083
jeffreys,1000,0.54,0.94705,0.06167519141539326
jeffreys,1000,0.55,0.9465,0.061564919724693544
jeffreys,1000,0.56,0.94795,0.061426804247761535
jeffreys,1000,0.5700000000000001,0.94956,0.06126415280284114
jeffreys,1000,0.58,0.94881,0.06107764832912777
jeffreys,1000,0.59,0.95014,0.06086257020801376
jeffreys,1000,0.6,0.95257,0.06062483833441789
jeffreys,1000,0.61,0.95289,0.06035957585377397
jeffreys,1000,0.62,0.94856,0.0600649050363522
jeffreys,1000,0.63,0.94986,0.059746556512738386
jeffreys,1000,0.64,0.94884,0.0594001050581578
jeffreys,1000,0.65,0.94961,0.05902388409595502
jeffreys,1000,0.66,0.94992,0.058617768095866496
jeffreys,1000,0.67,0.94865,0.0581906035863746
jeffreys,1000,0.68,0.95001,0.05772689457757485
jeffreys,1000,0.6900000000000001,0.94968,0.0572391970449527
jeffreys,1000,0.7000000000000001,0.95015,0.05671020394744927
jeffreys,1000,0.71,0.9489,0.05615685798960975
jeffreys,1000,0.72,0.95092,0.055563985855157344
jeffreys,1000,0.73,0.94959,0.05494136069399189
jeffreys,1000,0.74,0.94817,0.0542772989473247
jeffreys,1000,0.75,0.95,0.05358746088308515
jeffreys,1000,0.76,0.95047,0.052851985840414055
jeffreys,1000,0.77,0.9487,0.05207728018588923
jeffreys,1000,0.78,0.94856,0.05126607924216222
jeffreys,1000,0.79,0.94744,0.05041784998678724
jeffreys,1000,0.8,0.95207,0.04949966383599057
jeffreys,1000,0.81,0.95263,0.0485454769153639
jeffreys,1000,0.8200000000000001,0.95082,0.047549320588362455
jeffreys,1000,0.8300000000000001,0.94715,0.04648350905558111
jeffreys,1000,0.84,0.95262,0.04536314905196216
jeffreys,1000,0.85,0.94914,0.04420010510691979
jeffreys,1000,0.86,0.94998,0.042939715248461796
jeffreys,1000,0.87,0.95246,0.04162888046201467
jeffreys,1000,0.88,0.94741,0.040217352752026356
jeffreys,1000,0.89,0.95166,0.0387309568393851
jeffreys,1000,0.9,0.9482,0.03713963901029596
jeffreys,1000,0.91,0.95276,0.03542610413896252
jeffreys,1000,0.92,0.95392,0.0335822045315486
jeffreys,1000,0.93,0.95264,0.03159049922251038
jeffreys,1000,0.9400000000000001,0.95438,0.029408575033932224
jeffreys,1000,0.9500000000000001,0.94965,0.02698607276875603
jeffreys,1000,0.96,0.94726,0.02427321607633045
jeffreys,1000,0.97,0.95053,0.021128509514510615
jeffreys,1000,0.98,0.95902,0.017350540424887997
jeffreys,1000,0.99,0.9459,0.012363333857555895
jeffreys,1000,1.0,1.0,0.0025081643414223143
jeffreys,2000,0.0,1.0,0.0012550263386699404
jeffreys,2000,0.01,0.95961,0.008729066906728828
jeffreys,2000,0.02,0.94493,0.012270704913573061
jeffreys,2000,0.03,0.95169,0.014949897602877033
jeffreys,2000,0.04,0.94712,0.01716487028544964
jeffreys,2000,0.05,0.94912,0.01909786250779894
jeffreys,2000,0.06,0.95239,0.02080686411965038
jeffreys,2000,0.07,0.94672,0.022346458755197526
jeffreys,2000,0.08,0.95255,0.023767035833126466
jeffreys,2000,0.09,0.94965,0.02506647583118447
jeffreys,2000,0.1,0.9472,0.02627602926501361
jeffreys,2000,0.11,0.95001,0.027404887084987457
jeffreys,2000,0.12,0.94952,0.028462511393027395
jeffreys,2000,0.13,0.9513,0.02945862203960211
jeffreys,2000,0.14,0.95044,0.030388647364479462
jeffreys,2000,0.15,0.94733,0.03127387854907197
jeffreys,2000,0.16,0.94888,0.03210492387130774
jeffreys,2000,0.17,0.94973,0.03289870432230882
jeffreys,2000,0.18,0.94832,0.03364539679841459
jeffreys,2000,0.19,0.95136,0.03435834234869608
jeffreys,2000,0.2,0.95055,0.035032761647721886
jeffreys,2000,0.21,0.94752,0.035668964202746074
jeffreys,2000,0.22,0.95128,0.03627905513178831
jeffreys,2000,0.23,0.95131,0.0368579061589495
jeffreys,2000,0.24,0.95007,0.03740440308602179
jeffreys,2000,0.25,0.9509,0.03792249922657836
jeffreys,2000,0.26,0.94997,0.038414528657846655
jeffreys,2000,0.27,0.94988,0.038882538183077874
jeffreys,2000,0.28,0.95131,0.03932200004283807
jeffreys,2000,0.29,0.94895,0.039740620403674445
jeffreys,2000,0.3,0.94912,0.04013266420567933
jeffreys,2000,0.31,0.95085,0.04050431168908693
jeffreys,2000,0.32,0.9524,0.04085065068686987
jeffreys,2000,0.33,0.95138,0.041181535526257265
jeffreys,2000,0.34,0.9498,0.041487058122729084
jeffreys,2000,0.35000000000000003,0.94808,0.04177309577858742
jeffreys,2000,0.36,0.95011,0.04203881157165847
jeffreys,2000,0.37,0.95091,0.0422838142425685
jeffreys,2000,0.38,0.95067,0.04250846851199663
jeffreys,2000,0.39,0.9489,0.04271637507793158
jeffreys,2000,0.4,0.94996,0.04290485267692694
jeffreys,2000,0.41000000000000003,0.95186,0.04307349349390167
jeffreys,2000,0.42,0.95267,0.043224529636079694
jeffreys,2000,0.43,0.94967,0.04335679991443434
jeffreys,2000,0.44,0.94934,0.04347245789854187
jeffreys,2000,0.45,0.95157,0.04356868317290929
jeffreys,2000,0.46,0.95078,0.04364819998604541
jeffreys,2000,0.47000000000000003,0.94806,0.04370953036404613
jeffreys,2000,0.48,0.94918,0.04375378376544653
jeffreys,2000,0.49,0.94917,0.0437799934476866
jeffreys,2000,0.5,0.94974,0.0437887205405232
jeffreys,2000,0.51,0.94834,0.04377986620382665
jeffreys,2000,0.52,0.94809,0.043753623012959215
jeffreys,2000,0.53,0.94814,0.04370981279240668
jeffreys,2000,0.54,0.94937,0.04364835150366106
jeffreys,2000,0.55,0.94935,0.04356904273133215
jeffreys,2000,0.56,0.94966,0.0434723994138425
jeffreys,2000,0.5700000000000001,0.95145,0.043357600638808946
jeffreys,2000,0.58,0.9517,0.0432237669276629
jeffreys,2000,0.59,0.95249,0.04307321841439928
jeffreys,2000,0.6,0.94899,0.042903802862078504
jeffreys,2000,0.61,0.94894,0.04271607879068329
jeffreys,2000,0.62,0.95123,0.04250889116656248
jeffreys,2000,0.63,0.95069,0.042282210677189035
jeffreys,2000,0.64,0.94906,0.0420376407277808
jeffreys,2000,0.65,0.94851,0.041772811803011144
jeffreys,2000,0.66,0.94936,0.04148582410396797
jeffreys,2000,0.67,0.95159,0.04117860617260852
jeffreys,2000,0.68,0.95063,0.04085348500166247
jeffreys,2000,0.6900000000000001,0.95106,0.04050491679220762
jeffreys,2000,0.7000000000000001,0.94753,0.04013423123339071
jeffreys,2000,0.71,0.94838,0.03974049487981552
jeffreys,2000,0.72,0.95012,0.039321475908043815
jeffreys,2000,0.73,0.94976,0.03888456166663905
jeffreys,2000,0.74,0.95026,0.038417650957459394
jeffreys,2000,0.75,0.95095,0.03792072270411756
jeffreys,2000,0.76,0.95062,0.03740332604722979
jeffreys,2000,0.77,0.9503,0.03685291651959431
jeffreys,2000,0.78,0.95186,0.03628012471528459
jeffreys,2000,0.79,0.94895,0.035675228290668055
jeffreys,2000,0.8,0.94997,0.03503213931884175
jeffreys,2000,0.81,0.95061,0.034358287347158685
jeffreys,2000,0.8200000000000001,0.94966,0.03364676687152415
jeffreys,2000,0.8300000000000001,0.95036,0.032897784165114866
jeffreys,2000,0.84,0.94784,0.032109044890847815
jeffreys,2000,0.85,0.94941,0.031270188649963664
jeffreys,2000,0.86,0.95184,0.03038741678696291
jeffreys,2000,0.87,0.94977,0.029454875562553096
jeffreys,2000,0.88,0.95032,0.028461782461131065
jeffreys,2000,0.89,0.95102,0.027410021772062983
jeffreys,2000,0.9,0.94698,0.026275080968901594
jeffreys,2000,0.91,0.94864,0.02506194021772608
jeffreys,2000,0.92,0.95233,0.023762271423440867
jeffreys,2000,0.93,0.94696,0.02235204806725276
jeffreys,2000,0.9400000000000001,0.95255,0.020804781533070603
jeffreys,2000,0.9500000000000001,0.94839,0.019096054273154695
jeffreys,2000,0.96,0.94793,0.01717334755151005
jeffreys,2000,0.97,0.95148,0.01494533728787428
jeffreys,2000,0.98,0.94368,0.012268881395575427
jeffreys,2000,0.99,0.95708,0.008731201194392678
jeffreys,2000,1.0,1.0,0.0012550263386699179
jeffreys,10000,0.0,1.0,0.00025115648438329757
jeffreys,10000,0.01,0.94981,0.0039010515388596804
jeffreys,10000,0.02,0.94592,0.005487532060211037
jeffreys,10000,0.03,0.94615,0.006686466646207507
jeffreys,10000,0.04,0.94754,0.007680580811525229
jeffreys,10000,0.05,0.95097,0.008542760574293312
jeffreys,10000,0.06,0.9497,0.009307493599414957
jeffreys,10000,0.07,0.94869,0.010000508130448464
jeffreys,10000,0.08,0.94807,0.01063372117817034
jeffreys,10000,0.09,0.94993,0.011216976423858018
jeffreys,10000,0.1,0.95125,0.011758050239203942
jeffreys,10000,0.11,0.94882,0.01226377140585064
jeffreys,10000,0.12,0.95118,0.012736069727053882
jeffreys,10000,0.13,0.95038,0.013181405999334778
jeffreys,10000,0.14,0.94932,0.013599185468322969
jeffreys,10000,0.15,0.94996,0.013994968852003967
jeffreys,10000,0.16,0.95154,0.014368139468550195
jeffreys,10000,0.17,0.95091,0.014722376651837107
jeffreys,10000,0.18,0.9502,0.01505767696497953
jeffreys,10000,0.19,0.94993,0.015374720352860595
jeffreys,10000,0.2,0.95121,0.015676881110287914
jeffreys,10000,0.21,0.95062,0.01596357467203011
jeffreys,10000,0.22,0.94949,0.01623601410126229
jeffreys,10000,0.23,0.9503,0.01649326944113427
jeffreys,10000,0.24,0.94984,0.016738729365805814
jeffreys,10000,0.25,0.95056,0.016970636088976303
jeffreys,10000,0.26,0.95018,0.017191755650804764
jeffreys,10000,0.27,0.95014,0.01739961487268707
jeffreys,10000,0.28,0.9504,0.01759732372107365
jeffreys,10000,0.29,0.94895,0.01778395455888395
jeffreys,10000,0.3,0.95,0.017960435374844385
jeffreys,10000,0.31,0.94827,0.01812621449654739
jeffreys,10000,0.32,0.94961,0.018282638944449595
jeffreys,10000,0.33,0.95042,0.018428875355167653
jeffreys,10000,0.34,0.94918,0.018565938006100863
jeffreys,10000,0.35000000000000003,0.94955,0.018693223707857476
jeffreys,10000,0.36,0.94927,0.018812237966031462
jeffreys,10000,0.37,0.94949,0.01892235055079649
jeffreys,10000,0.38,0.95017,0.019023584177040833
jeffreys,10000,0.39,0.94928,0.01911615431509324
jeffreys,10000,0.4,0.94974,0.01920042227811039
jeffreys,10000,0.41000000000000003,0.94997,0.01927627145905605
jeffreys,10000,0.42,0.94986,0.019343890737642384
jeffreys,10000,0.43,0.951,0.019403285063698407
jeffreys,10000,0.44,0.9502,0.019454617997672043
jeffreys,10000,0.45,0.95053,0.019498090115328638
jeffreys,10000,0.46,0.9496,0.019533461047584737
jeffreys,10000,0.47000000000000003,0.94979,0.019561027171338192
jeffreys,10000,0.48,0.94914,0.01958059588124557
jeffreys,10000,0.49,0.94884,0.01959237821893514
jeffreys,10000,0.5,0.94914,0.019596293426317885
jeffreys,10000,0.51,0.94959,0.01959238325274008
jeffreys,10000,0.52,0.94872,0.01958055732919175
jeffreys,10000,0.53,0.94984,0.01956101206307715
jeffreys,10000,0.54,0.95044,0.01953341484585078
jeffreys,10000,0.55,0.95042,0.0194981049386193
jeffreys,10000,0.56,0.95009,0.019454630232900023
jeffreys,10000,0.5700000000000001,0.95038,0.019403361223794716
jeffreys,10000,0.58,0.9503,0.019343848932812255
jeffreys,10000,0.59,0.95006,0.019276213418287187
jeffreys,10000,0.6,0.95102,0.01920046823729164
jeffreys,10000,0.61,0.94985,0.01911618738724518
jeffreys,10000,0.62,0.95143,0.019023863762728292
jeffreys,10000,0.63,0.94891,0.018922399710824944
jeffreys,10000,0.64,0.9498,0.01881237196974688
jeffreys,10000,0.65,0.94896,0.018693460501458044
jeffreys,10000,0.66,0.94849,0.018565957642928753
jeffreys,10000,0.67,0.94896,0.018429407981189073
jeffreys,10000,0.68,0.95055,0.018282399858789298
jeffreys,10000,0.6900000000000001,0.94806,0.018126299626669444
jeffreys,10000,0.7000000000000001,0.95005,0.017959865153347528
jeffreys,10000,0.71,0.94986,0.017783884543612773
jeffreys,10000,0.72,0.95088,0.017597680648492115
jeffreys,10000,0.73,0.95073,0.01740006092292345
jeffreys,10000,0.74,0.9507,0.017191136348528285
jeffreys,10000,0.75,0.95089,0.016971158732014376
jeffreys,10000,0.76,0.95035,0.01673824791066284
jeffreys,10000,0.77,0.94964,0.016494174314398632
jeffreys,10000,0.78,0.95128,0.016235633077471192
jeffreys,10000,0.79,0.95065,0.015963025796837883
jeffreys,10000,0.8,0.95065,0.015676556930492053
jeffreys,10000,0.81,0.95064,0.015376056656287697
jeffreys,10000,0.8200000000000001,0.94931,0.01505725327763688
jeffreys,10000,0.8300000000000001,0.94968,0.014721901367252828
jeffreys,10000,0.84,0.95098,0.014368403345259484
jeffreys,10000,0.85,0.94929,0.01399544510810666
jeffreys,10000,0.86,0.94949,0.013598826022213887
jeffreys,10000,0.87,0.95097,0.01318105035194419
jeffreys,10000,0.88,0.94972,0.012736927789928442
jeffreys,10000,0.89,0.94913,0.01226275058038975
jeffreys,10000,0.9,0.95101,0.011758347978538806
jeffreys,10000,0.91,0.9491,0.011216905890642273
jeffreys,10000,0.92,0.94897,0.010633816132237359
jeffreys,10000,0.93,0.95129,0.01000115526145186
jeffreys,10000,0.9400000000000001,0.9493,0.009308129567696109
jeffreys,10000,0.9500000000000001,0.95197,0.008542200789241554
jeffreys,10000,0.96,0.94814,0.007680093745988491
jeffreys,10000,0.97,0.94763,0.006686953846151836
jeffreys,10000,0.98,0.94651,0.005487480917888524
jeffreys,10000,0.99,0.95138,0.0039022532939120744
jeffreys,10000,1.0,1.0,0.00025115648438334137
